,City
0,New orleans
1,New orleans
2,New orleans
3,New orleans
4,New orleans
5,New orleans
6,New orleans
7,New orleans
8,New orleans
9,New orleans
10,New orleans
11,New orleans
12,New orleans
13,New orleans
14,New orleans
15,New orleans
16,New orleans
17,New orleans
18,New orleans
19,New orleans
20,New orleans
21,New orleans
22,New orleans
23,New orleans
24,New orleans
25,New orleans
26,New orleans
27,New orleans
28,New orleans
29,New orleans
30,New orleans
31,New orleans
32,New orleans
33,New orleans
34,New orleans
35,New orleans
36,New orleans
37,New orleans
38,New orleans
39,New orleans
40,New orleans
41,New orleans
42,New orleans
43,New orleans
44,New orleans
45,New orleans
46,New orleans
47,New orleans
48,New orleans
49,New orleans
50,New orleans
51,New orleans
52,New orleans
53,New orleans
54,New orleans
55,New orleans
56,New orleans
57,New orleans
58,New orleans
59,New orleans
60,New orleans
61,New orleans
62,New orleans
63,New orleans
64,New orleans
65,New orleans
66,New orleans
67,New orleans
68,New orleans
69,New orleans
70,New orleans
71,New orleans
72,New orleans
73,New orleans
74,New orleans
75,New orleans
76,New orleans
77,New orleans
78,New orleans
79,New orleans
80,New orleans
81,New orleans
82,New orleans
83,New orleans
84,New orleans
85,New orleans
86,New orleans
87,New orleans
88,New orleans
89,New orleans
90,New orleans
91,New orleans
92,New orleans
93,New orleans
94,New orleans
95,New orleans
96,New orleans
97,New orleans
98,New orleans
99,New orleans
